officer_id,name,designation,role,handles,district
OFF-GC01,Neha Verma,Grievance Cell Officer,officer,grievance_cell,Demo District
OFF-SC01,Kavita Netam,Designated Officer (Sensitive Cases),officer,sensitive,Demo District
OFF-SR01,Rajesh Sahu,Additional Collector,supervisor,senior,Demo District
OFF-WAT01,Amit Patel,"Executive Engineer, Public Health Engineering",officer,water,Demo District
OFF-ELE01,Suresh Yadav,"Assistant Engineer, Power Distribution",officer,electricity,Demo District
OFF-RAT01,Meena Dhruw,Food Inspector,officer,ration,Demo District
OFF-PEN01,Anil Kurre,Social Welfare Officer,officer,pension,Demo District
OFF-ROA01,Vikas Markam,"Executive Engineer, Public Works",officer,roads,Demo District
OFF-HEA01,Dr. Pooja Sinha,Block Medical Officer,officer,health,Demo District
OFF-REV01,Ramesh Tiwari,Tehsildar,officer,revenue,Demo District
OFF-EDU01,Sunita Joshi,District Education Officer,officer,education,Demo District
OFF-POL01,Arjun Singh,"Station House Officer, Police",officer,police,Demo District
ADMIN01,District IT Nodal Officer,System Administrator,admin,all,Demo District
