village,village_local,block,district,settlement
Amapur,आमापुर,North Block,Demo District,rural
Bhanupur,भानुपुर,North Block,Demo District,rural
Chirapur,चिरापुर,North Block,Demo District,rural
Dongripur,डोंगरीपुर,North Block,Demo District,rural
Garhipur,गढ़ीपुर,North Block,Demo District,rural
Jharipur,झरीपुर,North Block,Demo District,rural
Kesapur,केसापुर,North Block,Demo District,rural
Latapur,लतापुर,North Block,Demo District,rural
Mohlapur,मोहलापुर,North Block,Demo District,rural
Nawapur,नवापुर,North Block,Demo District,rural
Pandripur,पंडरीपुर,North Block,Demo District,rural
Ranipur,रानीपुर,North Block,Demo District,rural
Amadi,आमाडीह,South Block,Demo District,rural
Bhanudi,भानुडीह,South Block,Demo District,rural
Chiradi,चिराडीह,South Block,Demo District,rural
Dongridi,डोंगरीडीह,South Block,Demo District,rural
Garhidi,गढ़ीडीह,South Block,Demo District,rural
Jharidi,झरीडीह,South Block,Demo District,rural
Kesadi,केसाडीह,South Block,Demo District,rural
Latadi,लताडीह,South Block,Demo District,rural
Mohladi,मोहलाडीह,South Block,Demo District,rural
Nawadi,नवाडीह,South Block,Demo District,rural
Pandridi,पंडरीडीह,South Block,Demo District,rural
Ranidi,रानीडीह,South Block,Demo District,rural
Sonadi,सोनाडीह,South Block,Demo District,rural
Toladi,टोलाडीह,South Block,Demo District,rural
Urladi,उरलाडीह,South Block,Demo District,rural
Beladi,बेलाडीह,South Block,Demo District,rural
Kosadi,कोसाडीह,South Block,Demo District,rural
Mahudi,महुडीह,South Block,Demo District,rural
Sajadi,सजाडीह,South Block,Demo District,rural
Telidi,तेलीडीह,South Block,Demo District,rural
Boridi,बोरीडीह,South Block,Demo District,rural
Hardidi,हरदीडीह,South Block,Demo District,rural
Kurudi,कुरुडीह,South Block,Demo District,rural
Parudi,परुडीह,South Block,Demo District,rural
Sirsidi,सिरसीडीह,South Block,Demo District,rural
Dhamnidi,धमनीडीह,South Block,Demo District,rural
Amanagar,आमानगर,East Block,Demo District,semi-urban
Bhanunagar,भानुनगर,East Block,Demo District,semi-urban
Chiranagar,चिरानगर,East Block,Demo District,semi-urban
Dongrinagar,डोंगरीनगर,East Block,Demo District,semi-urban
Garhinagar,गढ़ीनगर,East Block,Demo District,rural
Jharinagar,झरीनगर,East Block,Demo District,rural
Kesanagar,केसानगर,East Block,Demo District,rural
Latanagar,लतानगर,East Block,Demo District,rural
Mohlanagar,मोहलानगर,East Block,Demo District,rural
Nawanagar,नवानगर,East Block,Demo District,rural
Pandrinagar,पंडरीनगर,East Block,Demo District,rural
Raninagar,रानीनगर,East Block,Demo District,rural
Amagaon,आमागाँव,West Block,Demo District,rural
Bhanugaon,भानुगाँव,West Block,Demo District,rural
Chiragaon,चिरागाँव,West Block,Demo District,rural
Dongrigaon,डोंगरीगाँव,West Block,Demo District,rural
Garhigaon,गढ़ीगाँव,West Block,Demo District,rural
Jharigaon,झरीगाँव,West Block,Demo District,rural
Kesagaon,केसागाँव,West Block,Demo District,rural
Latagaon,लतागाँव,West Block,Demo District,rural
Mohlagaon,मोहलागाँव,West Block,Demo District,rural
Nawagaon,नवागाँव,West Block,Demo District,rural
Pandrigaon,पंडरीगाँव,West Block,Demo District,rural
Ranigaon,रानीगाँव,West Block,Demo District,rural
